/*==============================================================*/
/*	Init  table directory_entry_type								*/
/*==============================================================*/
insert into directory_entry_type(id_type,title_key,is_group,is_comment,is_mylutece_user,class_name) values(1,'directory.entry_type_radio_button.title',0,0,0,'fr.paris.lutece.plugins.directory.business.EntryTypeRadioButton');
insert into directory_entry_type(id_type,title_key,is_group,is_comment,is_mylutece_user,class_name) values(2,'directory.entry_type_check_box.title',0,0,0,'fr.paris.lutece.plugins.directory.business.EntryTypeCheckBox');
insert into directory_entry_type(id_type,title_key,is_group,is_comment,is_mylutece_user,class_name) values(3,'directory.entry_type_comment.title',0,1,0,'fr.paris.lutece.plugins.directory.business.EntryTypeComment');
insert into directory_entry_type(id_type,title_key,is_group,is_comment,is_mylutece_user,class_name) values(4,'directory.entry_type_date.title',0,0,0,'fr.paris.lutece.plugins.directory.business.EntryTypeDate');
insert into directory_entry_type(id_type,title_key,is_group,is_comment,is_mylutece_user,class_name) values(5,'directory.entry_type_select.title',0,0,0,'fr.paris.lutece.plugins.directory.business.EntryTypeSelect');
insert into directory_entry_type(id_type,title_key,is_group,is_comment,is_mylutece_user,class_name) values(6,'directory.entry_type_text.title',0,0,0,'fr.paris.lutece.plugins.directory.business.EntryTypeText');
insert into directory_entry_type(id_type,title_key,is_group,is_comment,is_mylutece_user,class_name) values(7,'directory.entry_type_text_area.title',0,0,0,'fr.paris.lutece.plugins.directory.business.EntryTypeTextArea');
insert into directory_entry_type(id_type,title_key,is_group,is_comment,is_mylutece_user,class_name) values(8,'directory.entry_type_file.title',0,0,0,'fr.paris.lutece.plugins.directory.business.EntryTypeFile');
insert into directory_entry_type(id_type,title_key,is_group,is_comment,is_mylutece_user,class_name) values(9,'directory.entry_type_group.title',1,0,0,'fr.paris.lutece.plugins.directory.business.EntryTypeGroup');
insert into directory_entry_type(id_type,title_key,is_group,is_comment,is_mylutece_user,class_name) values(10,'directory.entry_type_img.title',0,0,0,'fr.paris.lutece.plugins.directory.business.EntryTypeImg');
insert into directory_entry_type(id_type,title_key,is_group,is_comment,is_mylutece_user,class_name) values(11,'directory.entry_type_numbering.title',0,0,0,'fr.paris.lutece.plugins.directory.business.EntryTypeNumbering');
insert into directory_entry_type(id_type,title_key,is_group,is_comment,is_mylutece_user,class_name) values(12,'directory.entry_type_directory.title',0,0,0,'fr.paris.lutece.plugins.directory.business.EntryTypeDirectory');
insert into directory_entry_type(id_type,title_key,is_group,is_comment,is_mylutece_user,class_name) values(13,'directory.entry_type_url.title',0,0,0,'fr.paris.lutece.plugins.directory.business.EntryTypeUrl');
insert into directory_entry_type(id_type,title_key,is_group,is_comment,is_mylutece_user,class_name) values(14,'directory.entry_type_mail.title',0,0,0,'fr.paris.lutece.plugins.directory.business.EntryTypeMail');
insert into directory_entry_type(id_type,title_key,is_group,is_comment,is_mylutece_user,class_name) values(15,'directory.entry_type_sql.title',0,0,0,'fr.paris.lutece.plugins.directory.business.EntryTypeSQL');
insert into directory_entry_type(id_type,title_key,is_group,is_comment,is_mylutece_user,class_name) values(16,'directory.entry_type_geolocation.title',0,0,0,'fr.paris.lutece.plugins.directory.business.EntryTypeGeolocation');
insert into directory_entry_type(id_type,title_key,is_group,is_comment,is_mylutece_user,class_name) values(17,'directory.entry_type_internallink.title',0,0,0,'fr.paris.lutece.plugins.directory.business.EntryTypeInternalLink');
insert into directory_entry_type(id_type,title_key,is_group,is_comment,is_mylutece_user,class_name) values(18,'directory.entry_type_richtext.title',0,0,0,'fr.paris.lutece.plugins.directory.business.EntryTypeRichText');
insert into directory_entry_type(id_type,title_key,is_group,is_comment,is_mylutece_user,class_name) values(19,'directory.entry_type_mylutece_user.title',0,0,1,'fr.paris.lutece.plugins.directory.business.EntryTypeMyLuteceUser');
insert into directory_entry_type(id_type,title_key,is_group,is_comment,is_mylutece_user,class_name) values(20,'directory.entry_type_download_url.title',0,0,0,'fr.paris.lutece.plugins.directory.business.EntryTypeDownloadUrl');
insert into directory_entry_type(id_type,title_key,is_group,is_comment,is_mylutece_user,class_name) values(21,'directory.entry_type_remote_mylutece_user.title',0,0,1,'fr.paris.lutece.plugins.directory.business.EntryTypeRemoteMyLuteceUser');

/*==============================================================*/
/*	Init  table directory_category								*/
/*==============================================================*/
insert into directory_category(id_category,title_key) values(1,'directory.category_xsl.export.title');
insert into directory_category(id_category,title_key) values(2,'directory.category_xsl.style_form_search.title');
insert into directory_category(id_category,title_key) values(3,'directory.category_xsl.style_result_list.title');
insert into directory_category(id_category,title_key) values(4,'directory.category_xsl.style_result_record.title');

/*==============================================================*/
/*	Init  table directory_action								*/
/*==============================================================*/
insert into directory_action( id_action,name_key,description_key,action_url,icon_url,action_permission,directory_state) values(1, 'directory.action.modify.name', 'directory.action.modify.description', 'jsp/admin/plugins/directory/ModifyDirectory.jsp', 'icon-edit', 'MODIFY', 0);
insert into directory_action( id_action,name_key,description_key,action_url,icon_url,action_permission,directory_state) values(2, 'directory.action.modify.name', 'directory.action.modify.description', 'jsp/admin/plugins/directory/ModifyDirectory.jsp', 'icon-edit', 'MODIFY', 1);
insert into directory_action( id_action,name_key,description_key,action_url,icon_url,action_permission,directory_state) values(3, 'directory.action.manage_record.name', 'directory.action.manage_record.description', 'jsp/admin/plugins/directory/ManageDirectoryRecord.jsp', ' icon-folder-open', 'MANAGE_RECORD', 0);
insert into directory_action( id_action,name_key,description_key,action_url,icon_url,action_permission,directory_state) values(4, 'directory.action.manage_record.name', 'directory.action.manage_record.description', 'jsp/admin/plugins/directory/ManageDirectoryRecord.jsp', ' icon-folder-open', 'MANAGE_RECORD', 1);
insert into directory_action( id_action,name_key,description_key,action_url,icon_url,action_permission,directory_state) values(5, 'directory.action.import_record.name', 'directory.action.import_record.description', 'jsp/admin/plugins/directory/ImportDirectoryRecord.jsp', 'icon-upload', 'IMPORT_RECORD', 0);
insert into directory_action( id_action,name_key,description_key,action_url,icon_url,action_permission,directory_state) values(6, 'directory.action.import_record.name', 'directory.action.import_record.description', 'jsp/admin/plugins/directory/ImportDirectoryRecord.jsp', 'icon-upload', 'IMPORT_RECORD', 1);
insert into directory_action( id_action,name_key,description_key,action_url,icon_url,action_permission,directory_state) values(7, 'directory.action.delete_all_directory_record.name', 'directory.action.delete_all_directory_record.description', 'jsp/admin/plugins/directory/ConfirmRemoveAllDirectoryRecord.jsp', 'icon-ban-circle', 'DELETE_ALL_RECORD', 0);
insert into directory_action( id_action,name_key,description_key,action_url,icon_url,action_permission,directory_state) values(8, 'directory.action.delete_all_directory_record.name', 'directory.action.delete_all_directory_record.description', 'jsp/admin/plugins/directory/ConfirmRemoveAllDirectoryRecord.jsp', 'icon-ban-circle', 'DELETE_ALL_RECORD', 1);
insert into directory_action( id_action,name_key,description_key,action_url,icon_url,action_permission,directory_state) values(9, 'directory.action.disable.name', 'directory.action.disable.description', 'jsp/admin/plugins/directory/ConfirmDisableDirectory.jsp', 'icon-remove', 'CHANGE_STATE', 1);
insert into directory_action( id_action,name_key,description_key,action_url,icon_url,action_permission,directory_state) values(10, 'directory.action.enable.name', 'directory.action.enable.description', 'jsp/admin/plugins/directory/DoEnableDirectory.jsp', 'icon-ok', 'CHANGE_STATE', 0);
insert into directory_action( id_action,name_key,description_key,action_url,icon_url,action_permission,directory_state) values(11, 'directory.action.copy.name', 'directory.action.copy.description', 'jsp/admin/plugins/directory/DoCopyDirectory.jsp', 'icon-plus-sign', 'COPY', 0);
insert into directory_action( id_action,name_key,description_key,action_url,icon_url,action_permission,directory_state) values(12, 'directory.action.copy.name', 'directory.action.copy.description', 'jsp/admin/plugins/directory/DoCopyDirectory.jsp', 'icon-plus-sign', 'COPY', 1);
insert into directory_action( id_action,name_key,description_key,action_url,icon_url,action_permission,directory_state) values(13, 'directory.action.delete.name', 'directory.action.delete.description', 'jsp/admin/plugins/directory/ConfirmRemoveDirectory.jsp', 'icon-trash', 'DELETE', 0);

/*==============================================================*/
/*	Init  table directory_record_action								*/
/*==============================================================*/

insert into directory_record_action (id_action,name_key,description_key,action_url,icon_url,action_permission,directory_state) VALUES (1, 'directory.action.modify.name', 'directory.action.modify.description.record', 'jsp/admin/plugins/directory/ModifyDirectoryRecord.jsp', 'icon-edit', 'MODIFY_RECORD', 0);
insert into directory_record_action (id_action,name_key,description_key,action_url,icon_url,action_permission,directory_state) VALUES (2, 'directory.action.modify.name', 'directory.action.modify.description.record', 'jsp/admin/plugins/directory/ModifyDirectoryRecord.jsp', 'icon-edit', 'MODIFY_RECORD', 1);
insert into directory_record_action (id_action,name_key,description_key,action_url,icon_url,action_permission,directory_state) VALUES (3, 'directory.action.copy.name', 'directory.action.copy.description', 'jsp/admin/plugins/directory/DoCopyDirectoryRecord.jsp', 'icon-plus-sign', 'COPY_RECORD', 0);
insert into directory_record_action (id_action,name_key,description_key,action_url,icon_url,action_permission,directory_state) VALUES (4, 'directory.action.copy.name', 'directory.action.copy.description', 'jsp/admin/plugins/directory/DoCopyDirectoryRecord.jsp', 'icon-plus-sign', 'COPY_RECORD', 1);
insert into directory_record_action (id_action,name_key,description_key,action_url,icon_url,action_permission,directory_state) VALUES (5, 'directory.action.delete.name', 'directory.action.delete.description', 'jsp/admin/plugins/directory/ConfirmRemoveDirectoryRecord.jsp', 'icon-trash', 'DELETE_RECORD', 0);
insert into directory_record_action (id_action,name_key,description_key,action_url,icon_url,action_permission,directory_state) VALUES (6, 'directory.action.disable.name', 'directory.action.disable.description', 'jsp/admin/plugins/directory/ConfirmDisableDirectoryRecord.jsp', 'icon-remove', 'CHANGE_STATE_RECORD', 1);
insert into directory_record_action (id_action,name_key,description_key,action_url,icon_url,action_permission,directory_state) VALUES (7, 'directory.action.enable.name', 'directory.action.enable.description', 'jsp/admin/plugins/directory/DoEnableDirectoryRecord.jsp', 'icon-ok', 'CHANGE_STATE_RECORD', 0);
insert into directory_record_action (id_action,name_key,description_key,action_url,icon_url,action_permission,directory_state) VALUES (8, 'directory.action.delete.name', 'directory.action.delete.description', 'jsp/admin/plugins/directory/ConfirmRemoveDirectoryRecord.jsp', 'icon-trash', 'DELETE_RECORD', 1);
insert into directory_record_action (id_action,name_key,description_key,action_url,icon_url,action_permission,directory_state) VALUES (9, 'directory.action.history.name', 'directory.action.history.description', 'jsp/admin/plugins/directory/ResourceHistory.jsp', 'icon-list', 'HISTORY_RECORD', 0);
insert into directory_record_action (id_action,name_key,description_key,action_url,icon_url,action_permission,directory_state) VALUES (10, 'directory.action.history.name', 'directory.action.history.description', 'jsp/admin/plugins/directory/ResourceHistory.jsp', 'icon-list', 'HISTORY_RECORD', 1);
insert into directory_record_action (id_action,name_key,description_key,action_url,icon_url,action_permission,directory_state) VALUES (11, 'directory.actions.title.visualisation', 'directory.actions.title.visualisation', 'jsp/admin/plugins/directory/DoVisualisationRecord.jsp', 'icon-eye-open', 'VISUALISATION_RECORD', 0);
insert into directory_record_action (id_action,name_key,description_key,action_url,icon_url,action_permission,directory_state) VALUES (12, 'directory.actions.title.visualisation', 'directory.actions.title.visualisation', 'jsp/admin/plugins/directory/DoVisualisationRecord.jsp', 'icon-eye-open', 'VISUALISATION_RECORD', 1);
/*==============================================================*/
/*	Init  table directory_physical_file								*/
/*==============================================================*/
INSERT INTO directory_physical_file (id_physical_file, file_value) VALUES (1,0x3C3F786D6C2076657273696F6E3D22312E302220656E636F64696E673D225554462D38223F3E0D0A3C78736C3A7374796C6573686565742076657273696F6E3D22312E30220D0A09786D6C6E733A78736C3D22687474703A2F2F7777772E77332E6F72672F313939392F58534C2F5472616E73666F726D223E0D0A093C78736C3A6F7574707574206D6574686F643D22786D6C222076657273696F6E3D22312E302220656E636F64696E673D225554462D38220D0A0909696E64656E743D22796573220D0A090963646174612D73656374696F6E2D656C656D656E74733D227469746C65207265636F72642D6669656C642D76616C7565206D696D652D747970652073746174757322202F3E0D0A0D0A0D0A093C78736C3A74656D706C617465206D617463683D226469726563746F7279223E0D0A09093C6469726563746F72792069643D227B4069647D223E0D0A0909093C7469746C653E0D0A090909093C78736C3A76616C75652D6F662073656C6563743D227469746C6522202F3E0D0A0909093C2F7469746C653E0D0A0909093C6372656174696F6E2D646174653E0D0A090909093C78736C3A76616C75652D6F662073656C6563743D226372656174696F6E2D6461746522202F3E0D0A0909093C2F6372656174696F6E2D646174653E0D0A0909093C6C6973742D656E7472793E0D0A090909093C78736C3A6170706C792D74656D706C617465732073656C6563743D226C6973742D656E7472792F656E74727922202F3E0D0A090909093C78736C3A6170706C792D74656D706C617465732073656C6563743D226C6973742D656E7472792F73746174757322202F3E0D0A0909093C2F6C6973742D656E7472793E0D0A0909093C6C6973742D7265636F72643E0D0A090909093C78736C3A6170706C792D74656D706C617465732073656C6563743D226C6973742D7265636F72642F7265636F726422202F3E0D0A0909093C2F6C6973742D7265636F72643E0D0A09093C2F6469726563746F72793E0D0A093C2F78736C3A74656D706C6174653E0D0A0D0A0D0A0D0A093C78736C3A74656D706C617465206D617463683D227265636F7264223E0D0A09093C7265636F72642069643D227B4069647D223E0D0A0909093C6372656174696F6E2D646174653E0D0A090909093C78736C3A76616C75652D6F662073656C6563743D226372656174696F6E2D6461746522202F3E0D0A0909093C2F6372656174696F6E2D646174653E0D0A0909093C6D6F64696669636174696F6E2D646174653E0D0A090909093C78736C3A76616C75652D6F662073656C6563743D226D6F64696669636174696F6E2D6461746522202F3E0D0A0909093C2F6D6F64696669636174696F6E2D646174653E0D0A0909093C7374617475733E0D0A090909093C78736C3A76616C75652D6F662073656C6563743D2273746174757322202F3E0D0A0909093C2F7374617475733E0D0A0909093C6C6973742D656E7472793E0D0A090909093C78736C3A6170706C792D74656D706C617465732073656C6563743D226C6973742D656E7472792F656E74727922202F3E0D0A0909093C2F6C6973742D656E7472793E0D0A09093C2F7265636F72643E0D0A093C2F78736C3A74656D706C6174653E0D0A0D0A0D0A093C78736C3A74656D706C617465206D617463683D227265636F72642F6C6973742D656E7472792F656E747279223E0D0A09093C656E7472792069643D227B4069647D223E0D0A0909093C6C6973742D7265636F72642D6669656C643E0D0A090909093C78736C3A6170706C792D74656D706C617465732073656C6563743D226C6973742D7265636F72642D6669656C642F7265636F72642D6669656C6422202F3E0D0A0909093C2F6C6973742D7265636F72642D6669656C643E0D0A09093C2F656E7472793E0D0A093C2F78736C3A74656D706C6174653E0D0A090D0A093C78736C3A74656D706C617465206D617463683D22656E747279223E0D0A09093C656E7472792069643D227B4069647D223E0D0A0909093C7469746C653E0D0A090909093C78736C3A76616C75652D6F662073656C6563743D227469746C6522202F3E0D0A0909093C2F7469746C653E0D0A09093C2F656E7472793E0D0A093C2F78736C3A74656D706C6174653E0D0A090D0A0D0A093C78736C3A74656D706C617465206D617463683D227265636F72642D6669656C64223E0D0A09093C7265636F72642D6669656C642D76616C75653E0D0A0909093C78736C3A76616C75652D6F662073656C6563743D227265636F72642D6669656C642D76616C756522202F3E0D0A09093C2F7265636F72642D6669656C642D76616C75653E0D0A09093C78736C3A6170706C792D74656D706C617465732073656C6563743D2266696C6522202F3E0D0A093C2F78736C3A74656D706C6174653E0D0A0D0A093C78736C3A74656D706C617465206D617463683D2266696C65223E0D0A09093C78736C3A63686F6F73653E0D0A0909093C78736C3A7768656E20746573743D22636F756E74286368696C643A3A2A2920213D2030223E0D0A090909093C66696C652069643D227B4069647D223E0D0A09090909093C7469746C653E0D0A0909090909093C78736C3A76616C75652D6F662073656C6563743D227469746C6522202F3E0D0A09090909093C2F7469746C653E0D0A09090909093C73697A653E0D0A0909090909093C78736C3A76616C75652D6F662073656C6563743D2273697A6522202F3E0D0A09090909093C2F73697A653E0D0A09090909093C6D696D652D747970653E0D0A0909090909093C78736C3A76616C75652D6F662073656C6563743D226D696D652D7479706522202F3E0D0A09090909093C2F6D696D652D747970653E0D0A090909093C2F66696C653E0D0A0D0A0909093C2F78736C3A7768656E3E0D0A0909093C78736C3A6F74686572776973653E0D0A090909093C66696C65202F3E0D0A0909093C2F78736C3A6F74686572776973653E0D0A09093C2F78736C3A63686F6F73653E0D0A093C2F78736C3A74656D706C6174653E0D0A0D0A093C78736C3A74656D706C617465206D617463683D22737461747573223E0D0A09093C78736C3A696620746573743D2240646973706C61793D2779657327223E0D0A20202020202020202020202020202020202020203C7374617475733E313C2F7374617475733E0D0A09093C2F78736C3A69663E0D0A09093C78736C3A696620746573743D2240646973706C61793D276E6F27223E0D0A20202020202020202020202020202020202020203C7374617475733E303C2F7374617475733E0D0A09093C2F78736C3A69663E0D0A093C2F78736C3A74656D706C6174653E0D0A0D0A3C2F78736C3A7374796C6573686565743E);
INSERT INTO directory_physical_file (id_physical_file, file_value) VALUES (2,'<?xml version=\"1.0\"?>\r\n<xsl:stylesheet version=\"1.0\" xmlns:xsl=\"http://www.w3.org/1999/XSL/Transform\">\r\n	<xsl:output method=\"text\"/>\r\n\r\n	<xsl:template match=\"directory\">\r\n		<xsl:apply-templates select=\"list-entry/entry\"/>\r\n		<xsl:apply-templates select=\"list-entry/status\"/>\r\n		<xsl:if test=\"count(//partialexport)=0\" >\r\n			<xsl:text>&#10;</xsl:text>\r\n		</xsl:if>\r\n		<xsl:apply-templates select=\"list-record/record\"/>\r\n	</xsl:template>\r\n	\r\n	<xsl:template match=\"record\">\r\n		<xsl:apply-templates select=\"list-entry/entry/list-record-field\"/>\r\n		<xsl:if test=\"status = true()\">\r\n			<xsl:text>;\"</xsl:text>\r\n			<xsl:value-of disable-output-escaping=\"yes\" select=\"status\"/>\r\n			<xsl:text>\"</xsl:text>\r\n		</xsl:if>\r\n		<xsl:if test=\"count(//partialexport)=0\" >\r\n			<xsl:text>&#10;</xsl:text>\r\n		</xsl:if>\r\n	</xsl:template>\r\n	\r\n	<xsl:template match=\"list-record-field\">\r\n		<xsl:text>\"</xsl:text>\r\n		<xsl:apply-templates select=\"record-field\"/>\r\n		<xsl:text>\"</xsl:text>\r\n		<xsl:if test=\"position()!=last()\">\r\n			<xsl:text>;</xsl:text>\r\n		</xsl:if>\r\n	</xsl:template>\r\n	\r\n	<xsl:template match=\"entry\">\r\n		<xsl:text>\"</xsl:text>\r\n		<xsl:if test=\"@showxy = \'true\'\">\r\n			<xsl:value-of select=\"title\"/>\r\n			<xsl:text>_X</xsl:text>\r\n			<xsl:text>,</xsl:text>\r\n			<xsl:value-of select=\"title\"/>\r\n			<xsl:text>_Y,</xsl:text>\r\n			<xsl:value-of select=\"title\"/>\r\n			<xsl:text>_provider,</xsl:text>\r\n		</xsl:if>\r\n		<xsl:value-of select=\"title\"/>\r\n		<xsl:if test=\"@showxy = \'true\'\">\r\n			<xsl:text>_address</xsl:text>\r\n		</xsl:if>\r\n		<xsl:text>\"</xsl:text>\r\n		<xsl:if test=\"position()!=last()\">\r\n			<xsl:text>;</xsl:text>\r\n		</xsl:if>\r\n	</xsl:template>\r\n\r\n	<xsl:template match=\"status\">\r\n		<xsl:if test=\"@display=\'yes\'\">\r\n            <xsl:text>;\"status\";</xsl:text>\r\n		</xsl:if>\r\n	</xsl:template>\r\n	\r\n	<xsl:template match=\"record-field\">\r\n		<xsl:choose>\r\n			<xsl:when test=\"../@geolocation = \'true\'\">\r\n				<xsl:if test=\"../../@showxy = \'true\'\">\r\n					<xsl:if test=\"@title = \'X\'\">\r\n						<xsl:value-of disable-output-escaping=\"yes\" select=\"record-field-value\"/>\r\n						<xsl:text>,</xsl:text>\r\n					</xsl:if>\r\n					<xsl:if test=\"@title = \'Y\'\">\r\n						<xsl:value-of disable-output-escaping=\"yes\" select=\"record-field-value\"/>\r\n						<xsl:text>,</xsl:text>\r\n					</xsl:if>\r\n					<xsl:if test=\"@title = \'provider\'\">\r\n						<xsl:value-of disable-output-escaping=\"yes\" select=\"record-field-value\"/>\r\n						<xsl:text>,</xsl:text>\r\n					</xsl:if>\r\n				</xsl:if>\r\n				<xsl:if test=\"@title = \'address\'\">\r\n					<xsl:value-of disable-output-escaping=\"yes\" select=\"record-field-value\"/>\r\n				</xsl:if>\r\n			</xsl:when>\r\n			<xsl:otherwise>\r\n				<xsl:value-of disable-output-escaping=\"yes\" select=\"record-field-value\"/>\r\n				<xsl:if test=\"position()!=last()\">\r\n					<xsl:text>,</xsl:text>\r\n				</xsl:if>\r\n			</xsl:otherwise>\r\n		</xsl:choose>\r\n	</xsl:template>\r\n	\r\n</xsl:stylesheet>\r\n');
INSERT INTO directory_physical_file (id_physical_file, file_value) VALUES (3,0x3C3F786D6C2076657273696F6E3D22312E30223F3E0D0A3C78736C3A7374796C6573686565742076657273696F6E3D22312E30220D0A09786D6C6E733A78736C3D22687474703A2F2F7777772E77332E6F72672F313939392F58534C2F5472616E73666F726D223E0D0A093C78736C3A6F7574707574206D6574686F643D2268746D6C2220696E64656E743D2279657322202F3E0D0A09203C78736C3A74656D706C617465206D617463683D226469726563746F72792D666F726D2D736561726368223E0D0A09093C78736C3A76616C75652D6F662064697361626C652D6F75747075742D6573636170696E673D22796573222073656C6563743D222E22202F3E0D0A093C2F78736C3A74656D706C6174653E0D0A3C2F78736C3A7374796C6573686565743E);
INSERT INTO directory_physical_file (id_physical_file, file_value) VALUES (4,'<?xml version=\"1.0\"?>\r\n<xsl:stylesheet version=\"1.0\"\r\n	xmlns:xsl=\"http://www.w3.org/1999/XSL/Transform\">\r\n	\r\n	<xsl:param name=\"title-descriptive\" />\r\n	<xsl:param name=\"title-sort-asc\" />\r\n	<xsl:param name=\"title-sort-desc\" />\r\n	\r\n	<xsl:output method=\"html\" indent=\"yes\" />\r\n\r\n	<xsl:template match=\"directory\">\r\n	\r\n		<table class=\"table table-striped\" name=\"results_list\" id=\"results_list\">\r\n			<tr>\r\n				<th>&#160;</th>\r\n				<xsl:apply-templates select=\"list-entry/entry\" />\r\n				<xsl:apply-templates select=\"list-entry/status\" />\r\n			</tr>\r\n			\r\n			<xsl:apply-templates select=\"list-record/record\"/>\r\n		</table>\r\n	</xsl:template>\r\n\r\n	<xsl:template match=\"record\">\r\n		<tr>\r\n			<td class=\"link-directory-record\">\r\n				<a class=\"btn btn-primary btn-small\" href=\"jsp/site/Portal.jsp?page=directory&amp;id_directory_record={@id}&amp;view_directory_record=1\" title=\"{$title-descriptive}\">\r\n					<i class=\"icon-eye-open icon-white\"> </i> <img src=\"images/local/skin/buttons/b_search.png\"  alt=\"{$title-descriptive}\" />\r\n				</a>\r\n			</td>\r\n			<xsl:apply-templates select=\"list-entry/entry/list-record-field\" />\r\n			<td><xsl:value-of disable-output-escaping=\"yes\"	select=\"status\" /></td>\r\n		</tr>\r\n	</xsl:template>\r\n\r\n	<xsl:template match=\"list-record-field\">\r\n		<xsl:choose>\r\n			<xsl:when test=\"position()=1\">\r\n				<td class=\"first-record-field\">\r\n					<xsl:choose>\r\n						<xsl:when test=\"@geolocation = \'true\'\">\r\n							<xsl:call-template name=\"field-geolocalisation\" />\r\n						</xsl:when>\r\n						<xsl:otherwise>\r\n							<xsl:apply-templates select=\"record-field\" />\r\n						</xsl:otherwise>\r\n					</xsl:choose>\r\n				</td>\r\n			</xsl:when>\r\n			<xsl:otherwise>  \r\n				<td>\r\n					<xsl:choose>\r\n						<xsl:when test=\"@geolocation = \'true\'\">\r\n							<xsl:call-template name=\"field-geolocalisation\" />\r\n						</xsl:when>\r\n						<xsl:otherwise>\r\n							<xsl:apply-templates select=\"record-field\" />\r\n						</xsl:otherwise>\r\n					</xsl:choose>\r\n				</td>\r\n			</xsl:otherwise>\r\n		</xsl:choose>\r\n	</xsl:template>\r\n\r\n	<xsl:template match=\"entry\">\r\n		<xsl:variable name=\"id-directory\" select=\"../../@id\" />\r\n		<th>\r\n			<xsl:if test=\"@is-sortable = \'true\'\">\r\n				<a class=\"sort\" id=\"sort\" href=\"jsp/site/Portal.jsp?page=directory&amp;id_directory={$id-directory}&amp;sorted_attribute_name={@id}&amp;asc_sort=true#sort\" title=\"{$title-sort-asc}\" >\r\n					<i class=\"icon-chevron-up\"> </i>\r\n				</a>\r\n				<a class=\"sort\" href=\"jsp/site/Portal.jsp?page=directory&amp;id_directory={$id-directory}&amp;sorted_attribute_name={@id}&amp;asc_sort=false#sort\" title=\"{$title-sort-desc}\" >\r\n	    			<i class=\"icon-chevron-down\"> </i>\r\n	    		</a>\r\n	    	 </xsl:if>\r\n	    	 <span><xsl:value-of select=\"title\" /></span>\r\n		</th>\r\n	</xsl:template>\r\n\r\n	<xsl:template match=\"record-field\">	\r\n	\r\n		<xsl:variable name=\"type-recordfield\" select=\"@type-entry\" />\r\n		<xsl:variable name=\"show\" select=\"@isShownInList\" />\r\n		<xsl:choose>\r\n			<xsl:when test=\"$type-recordfield=\'10\'\">\r\n				<xsl:text>&#160;</xsl:text>\r\n			</xsl:when>\r\n			<xsl:when test=\"not(string(record-field-value)=\'\')\">					\r\n					<xsl:value-of disable-output-escaping=\"yes\"\r\n						select=\"record-field-value\" />\r\n			</xsl:when>		\r\n			<xsl:otherwise>\r\n				<xsl:text>&#160;</xsl:text>\r\n			</xsl:otherwise>\r\n		</xsl:choose>		\r\n		<xsl:choose>\r\n			<xsl:when test=\"$type-recordfield=\'10\' and $show=\'false\'\">				\r\n				<xsl:text>&#160;</xsl:text>\r\n			</xsl:when>\r\n			<xsl:otherwise>				\r\n				<xsl:apply-templates select=\"file\" />\r\n			</xsl:otherwise>\r\n		</xsl:choose>		\r\n		<br />\r\n	</xsl:template>\r\n\r\n	<xsl:template match=\"file\">\r\n		<xsl:variable name=\"id\" select=\"@id\" />\r\n		<xsl:variable name=\"type\" select=\"@type-entry\" />\r\n		<xsl:variable name=\"height\" select=\"./height\" />\r\n		<xsl:variable name=\"width\" select=\"./width\" />\r\n		<xsl:if test=\"child::node()\">\r\n			<xsl:choose>				\r\n				<xsl:when test=\"$type=\'10\'\">\r\n					<xsl:choose>\r\n						<xsl:when test=\"$height!=\'-1\' and $width!=\'-1\' \">\r\n							<img src=\"image?resource_type=directory_entry_img&amp;id={$id}\" height=\"{$height}\" width=\"{$width}\"  />\r\n						</xsl:when>\r\n						<xsl:when test=\"$height=\'-1\' and $width!=\'-1\'\">\r\n							<img src=\"image?resource_type=directory_entry_img&amp;id={$id}\" width=\"{$width}\"  />\r\n						</xsl:when>\r\n						<xsl:when test=\"$height!=\'-1\' and $width=\'-1\'\">\r\n							<img src=\"image?resource_type=directory_entry_img&amp;id={$id}\" height=\"{$height}\" />\r\n						</xsl:when>\r\n						<xsl:otherwise>\r\n							<img src=\"image?resource_type=directory_entry_img&amp;id={$id}\"/>\r\n						</xsl:otherwise>\r\n					</xsl:choose>\r\n				</xsl:when>\r\n				<xsl:otherwise>\r\n					\r\n					<a  href=\"jsp/site/plugins/directory/DoDownloadFile.jsp?id_file={$id}\">\r\n					<xsl:value-of disable-output-escaping=\"yes\"\r\n						select=\"title\" />( <xsl:value-of disable-output-escaping=\"yes\"\r\n						select=\"size\" /> O)\r\n					</a>\r\n				</xsl:otherwise>\r\n			</xsl:choose>\r\n		</xsl:if>\r\n		<br />\r\n	</xsl:template>\r\n	<xsl:template match=\"status\">\r\n		<xsl:choose>\r\n			<xsl:when test=\"@display=\'yes\'\">\r\n				<th>Statut</th>\r\n			</xsl:when>\r\n			<xsl:otherwise>\r\n				<th>&#160;</th>\r\n			</xsl:otherwise>\r\n		</xsl:choose>\r\n		\r\n	</xsl:template>\r\n	\r\n	<xsl:template name=\"field-geolocalisation\">\r\n		<input type=\"hidden\" name=\"record_id\">\r\n			<xsl:attribute name=\"value\"><xsl:value-of disable-output-escaping=\"yes\" select=\"../../../@id\"/></xsl:attribute>\r\n		</input>\r\n		<xsl:if test=\"../../../status/@icon &gt; 0\">\r\n			<input type=\"hidden\" name=\"state_icon\">\r\n				<xsl:attribute name=\"value\">image?resource_type=workflow_icon_img&amp;id=<xsl:value-of disable-output-escaping=\"yes\" select=\"../../../status/@icon\"/></xsl:attribute> \r\n			</input>\r\n		</xsl:if>\r\n		<input type=\"hidden\" name=\"geolocation\">\r\n			<xsl:attribute name=\"value\"><xsl:value-of disable-output-escaping=\"yes\" select=\"../@id\" /></xsl:attribute>\r\n		</input>\r\n		\r\n		<input type=\"hidden\" name=\"title\">\r\n			<xsl:attribute name=\"value\"><xsl:value-of disable-output-escaping=\"yes\" select=\"../../entry[position()=1]/list-record-field/record-field[position()=1]/record-field-value\" /></xsl:attribute>\r\n		</input>\r\n		\r\n		<input type=\"hidden\">\r\n			<xsl:attribute name=\"name\">x</xsl:attribute>\r\n			<xsl:attribute name=\"id\">x</xsl:attribute>\r\n			<xsl:attribute name=\"value\"><xsl:value-of disable-output-escaping=\"yes\" select=\"record-field[@title=\'X\']\" /></xsl:attribute>\r\n		</input>\r\n		\r\n		<input type=\"hidden\">\r\n			<xsl:attribute name=\"name\">y</xsl:attribute>\r\n			<xsl:attribute name=\"id\">y</xsl:attribute>\r\n			<xsl:attribute name=\"value\"><xsl:value-of disable-output-escaping=\"yes\" select=\"record-field[@title=\'Y\']\" /></xsl:attribute>\r\n		</input>\r\n		<xsl:value-of disable-output-escaping=\"yes\" select=\"record-field[@title=\'address\']\" />\r\n	</xsl:template>\r\n</xsl:stylesheet>\r\n\r\n\r\n');
INSERT INTO directory_physical_file (id_physical_file, file_value) VALUES (5,0x3C3F786D6C2076657273696F6E3D22312E30223F3E0D0A3C78736C3A7374796C6573686565742076657273696F6E3D22312E302220786D6C6E733A78736C3D22687474703A2F2F7777772E77332E6F72672F313939392F58534C2F5472616E73666F726D223E0D0A090D0A093C78736C3A706172616D206E616D653D227469746C652D6261636B2D73656172636822202F3E0D0A093C78736C3A706172616D206E616D653D226C6162656C2D6261636B2D73656172636822202F3E0D0A093C78736C3A706172616D206E616D653D2269642D6469726563746F727922202F3E3E0D0A093C78736C3A706172616D206E616D653D226973457874656E64496E7374616C6C656422202F3E0D0A093C78736C3A6F7574707574206D6574686F643D2268746D6C2220696E64656E743D2279657322202F3E0D0A0D0A093C78736C3A74656D706C617465206D617463683D226469726563746F7279223E0D0A09093C78736C3A696620746573743D22246973457874656E64496E7374616C6C6564203D20277472756527223E0D0A090909093C215B43444154415B40457874656E646572506172616D657465725B5D5D3E3C78736C3A76616C75652D6F662073656C6563743D222F2F6C6973742D7265636F72642F7265636F72642F40696422202F3E3C215B43444154415B2C4449524543544F52595F5245434F52442C6F70656E67726170685D405D5D3E0D0A090920202009093C215B43444154415B40457874656E6465725B5D5D3E3C78736C3A76616C75652D6F662073656C6563743D222F2F6C6973742D7265636F72642F7265636F72642F40696422202F3E3C215B43444154415B2C4449524543544F52595F5245434F52442C616374696F6E6261725D405D5D3E0D0A090909093C215B43444154415B40457874656E6465725B5D5D3E3C78736C3A76616C75652D6F662073656C6563743D222F2F6C6973742D7265636F72642F7265636F72642F40696422202F3E3C215B43444154415B2C4449524543544F52595F5245434F52442C6869742C7B73686F773A747275657D5D405D5D3E0D0A090909093C215B43444154415B40457874656E6465725B5D5D3E3C78736C3A76616C75652D6F662073656C6563743D222F2F6C6973742D7265636F72642F7265636F72642F40696422202F3E3C215B43444154415B2C4449524543544F52595F5245434F52442C726174696E672C7B73686F773A22616C6C227D5D405D5D3E0D0A090909093C215B43444154415B40457874656E6465725B5D5D3E3C78736C3A76616C75652D6F662073656C6563743D222F2F6C6973742D7265636F72642F7265636F72642F40696422202F3E3C215B43444154415B2C4449524543544F52595F5245434F52442C6F70656E67726170682C7B666F6F7465723A66616C73652C206865616465723A66616C73657D5D405D5D3E0D0A09093C2F78736C3A69663E0D0A09093C6469763E0D0A0909093C78736C3A6170706C792D74656D706C617465732073656C6563743D226C6973742D656E7472792F656E74727922202F3E0D0A09093C2F6469763E0D0A09093C6469762069643D226261636B2D736561726368223E0D0A0909093C6120687265663D226A73702F736974652F506F7274616C2E6A73703F706167653D6469726563746F727926616D703B69645F6469726563746F72793D7B2469642D6469726563746F72797D220D0A090909090909097469746C653D227B247469746C652D6261636B2D7365617263687D2220616C743D227B247469746C652D6261636B2D7365617263687D223E0D0A0909090909090D0A09090909093C78736C3A76616C75652D6F662073656C6563743D22246C6162656C2D6261636B2D73656172636822202F3E0D0A0909093C2F613E0D0A09093C2F6469763E0D0A09093C78736C3A696620746573743D22246973457874656E64496E7374616C6C6564203D20277472756527223E0D0A0909093C215B43444154415B40457874656E6465725B5D5D3E3C78736C3A76616C75652D6F662073656C6563743D222F2F6C6973742D7265636F72642F7265636F72642F40696422202F3E3C215B43444154415B2C4449524543544F52595F5245434F52442C636F6D6D656E745D405D5D3E0D0A0920202009093C215B43444154415B40457874656E6465725B5D5D3E3C78736C3A76616C75652D6F662073656C6563743D222F2F6C6973742D7265636F72642F7265636F72642F40696422202F3E3C215B43444154415B2C4449524543544F52595F5245434F52442C666565646261636B5D405D5D3E0D0A0920202009093C215B43444154415B40457874656E6465725B5D5D3E3C78736C3A76616C75652D6F662073656C6563743D222F2F6C6973742D7265636F72642F7265636F72642F40696422202F3E3C215B43444154415B2C4449524543544F52595F5245434F52442C6F70656E67726170682C7B666F6F7465723A747275657D5D405D5D3E0D0A09093C2F78736C3A69663E0D0A093C2F78736C3A74656D706C6174653E0D0A0D0A093C78736C3A74656D706C617465206D617463683D226C6973742D7265636F72642D6669656C64223E0D0A09093C78736C3A6170706C792D74656D706C617465732073656C6563743D227265636F72642D6669656C6422202F3E0D0A093C2F78736C3A74656D706C6174653E0D0A0D0A093C78736C3A74656D706C617465206D617463683D22656E747279223E0D0A202020203C78736C3A63686F6F73653E0D0A092020203C78736C3A7768656E20746573743D226E6F7428636F756E74282E2F6C6973742D656E747279293D3029223E0D0A0909203C64697620636C6173733D2270726570656E642D3120617070656E642D31223E20200D0A0909202020200D0A0909202020203C6669656C6473657420636C6173733D22666F726D2D6669656C64736574223E200D0A09202020200909090909203C6C6567656E6420636C6173733D22666F726D2D6C6567656E64223E203C78736C3A76616C75652D6F662073656C6563743D227469746C6522202F3E203C2F6C6567656E643E0D0A0909092020203C78736C3A6170706C792D74656D706C617465732073656C6563743D222E2F6C6973742D656E7472792F656E74727922202F3E0D0A0909202020203C2F6669656C647365743E200D0A09092020203C2F6469763E200D0A09093C2F78736C3A7768656E3E0D0A20202020093C78736C3A6F74686572776973653E200D0A0909093C64697620636C6173733D22656E7472792D656C656D656E74223E0D0A202020090920202020093C7370616E20636C6173733D22656E7472792D6C6162656C223E0D0A20202009090909093C6C6162656C3E0D0A202020090909090920093C78736C3A76616C75652D6F662073656C6563743D227469746C6522202F3E3A0D0A20202009090909093C2F6C6162656C3E0D0A202020090909093C2F7370616E3E0D0A202020090909093C64697620636C6173733D22656E7472792D76616C7565223E0D0A20202009090909093C78736C3A6170706C792D74656D706C617465732073656C6563743D222F2F6C6973742D7265636F72642F7265636F72642F6C6973742D656E7472792F656E7472795B4069643D63757272656E7428292F4069645D2F6C6973742D7265636F72642D6669656C6422202F3E0D0A090909093C2F6469763E0D0A0920202009202020093C2F6469763E0D0A09093C2F78736C3A6F74686572776973653E0D0A093C2F78736C3A63686F6F73653E20200D0A3C2F78736C3A74656D706C6174653E0D0A0D0A093C78736C3A74656D706C617465206D617463683D227265636F72642D6669656C64223E0D0A09093C78736C3A7661726961626C65206E616D653D22747970652D7265636F72646669656C64222073656C6563743D2240747970652D656E74727922202F3E0D0A09093C78736C3A7661726961626C65206E616D653D2273686F77222073656C6563743D2240697353686F776E496E5265636F726422202F3E0D0A09093C7370616E3E0D0A0909093C78736C3A63686F6F73653E0D0A090909093C78736C3A7768656E20746573743D2224747970652D7265636F72646669656C643D27313027223E0D0A09090909093C78736C3A746578743E26233136303B3C2F78736C3A746578743E0D0A090909093C2F78736C3A7768656E3E0D0A090909093C78736C3A7768656E20746573743D226E6F7428737472696E67287265636F72642D6669656C642D76616C7565293D272729223E09090909090D0A0909090909093C78736C3A76616C75652D6F662064697361626C652D6F75747075742D6573636170696E673D22796573220D0A0909090909090973656C6563743D227265636F72642D6669656C642D76616C756522202F3E0D0A090909093C2F78736C3A7768656E3E09090D0A090909093C78736C3A6F74686572776973653E0D0A09090909093C78736C3A746578743E26233136303B3C2F78736C3A746578743E0D0A090909093C2F78736C3A6F74686572776973653E0D0A0909093C2F78736C3A63686F6F73653E0D0A0909093C78736C3A63686F6F73653E0D0A090909093C78736C3A7768656E20746573743D2224747970652D7265636F72646669656C643D2731302720616E64202473686F773D2766616C736527223E0D0A09090909093C78736C3A746578743E26233136303B3C2F78736C3A746578743E0D0A090909093C2F78736C3A7768656E3E0D0A090909093C78736C3A6F74686572776973653E0D0A09090909093C78736C3A6170706C792D74656D706C617465732073656C6563743D2266696C6522202F3E0D0A090909093C2F78736C3A6F74686572776973653E0D0A0909093C2F78736C3A63686F6F73653E0D0A0909090D0A09093C2F7370616E3E0D0A093C2F78736C3A74656D706C6174653E0D0A090D0A093C78736C3A74656D706C617465206D617463683D226C6973742D7265636F72642D6669656C645B4067656F6C6F636174696F6E3D2774727565275D223E0D0A09093C696E70757420747970653D2268696464656E223E0D0A0909093C78736C3A617474726962757465206E616D653D226E616D65223E3C78736C3A76616C75652D6F662073656C6563743D222E2E2F40696422202F3E5F783C2F78736C3A6174747269627574653E0D0A0909093C78736C3A617474726962757465206E616D653D226964223E3C78736C3A76616C75652D6F662073656C6563743D222E2E2F40696422202F3E5F783C2F78736C3A6174747269627574653E0D0A0909093C78736C3A617474726962757465206E616D653D2276616C7565223E3C78736C3A76616C75652D6F662064697361626C652D6F75747075742D6573636170696E673D22796573222073656C6563743D227265636F72642D6669656C645B407469746C653D2758275D22202F3E3C2F78736C3A6174747269627574653E0D0A09093C2F696E7075743E0D0A09090D0A09093C696E70757420747970653D2268696464656E223E0D0A0909093C78736C3A617474726962757465206E616D653D226E616D65223E3C78736C3A76616C75652D6F662073656C6563743D222E2E2F40696422202F3E5F793C2F78736C3A6174747269627574653E0D0A0909093C78736C3A617474726962757465206E616D653D226964223E3C78736C3A76616C75652D6F662073656C6563743D222E2E2F40696422202F3E5F793C2F78736C3A6174747269627574653E0D0A0909093C78736C3A617474726962757465206E616D653D2276616C7565223E3C78736C3A76616C75652D6F662064697361626C652D6F75747075742D6573636170696E673D22796573222073656C6563743D227265636F72642D6669656C645B407469746C653D2759275D22202F3E3C2F78736C3A6174747269627574653E0D0A09093C2F696E7075743E0D0A09090D0A09093C212D2D206966207820616E6420792073686F756C6420626520646973706C61796564203A200D0A09090958203A203C78736C3A76616C75652D6F662073656C6563743D227265636F72642D6669656C645B407469746C653D2758275D22202F3E0D0A09090959203A203C78736C3A76616C75652D6F662073656C6563743D227265636F72642D6669656C645B407469746C653D2759275D22202F3E0D0A0909202D2D3E0D0A090941647265737365203A203C78736C3A76616C75652D6F662073656C6563743D227265636F72642D6669656C645B407469746C653D2761646472657373275D22202F3E0D0A093C2F78736C3A74656D706C6174653E0D0A0D0A093C78736C3A74656D706C617465206D617463683D2266696C65223E0D0A09093C78736C3A7661726961626C65206E616D653D226964222073656C6563743D2240696422202F3E0D0A09093C78736C3A7661726961626C65206E616D653D2274797065222073656C6563743D2240747970652D656E74727922202F3E0D0A09093C78736C3A7661726961626C65206E616D653D22686569676874222073656C6563743D222E2F68656967687422202F3E0D0A09093C78736C3A7661726961626C65206E616D653D227769647468222073656C6563743D222E2F776964746822202F3E0D0A09093C78736C3A696620746573743D226368696C643A3A6E6F64652829223E0D0A0909093C78736C3A63686F6F73653E0D0A090909093C78736C3A7768656E20746573743D2224747970653D27313027223E0D0A09090909093C78736C3A63686F6F73653E0D0A0909090909093C78736C3A7768656E20746573743D2224686569676874213D272D312720616E6420247769647468213D272D312720223E0D0A090909090909093C696D67207372633D22696D6167653F7265736F757263655F747970653D6469726563746F72795F656E7472795F696D6726616D703B69643D7B2469647D22206865696768743D227B246865696768747D222077696474683D227B2477696474687D2220202F3E0D0A0909090909093C2F78736C3A7768656E3E0D0A0909090909093C78736C3A7768656E20746573743D22246865696768743D272D312720616E6420247769647468213D272D3127223E0D0A090909090909093C696D67207372633D22696D6167653F7265736F757263655F747970653D6469726563746F72795F656E7472795F696D6726616D703B69643D7B2469647D222077696474683D227B2477696474687D2220202F3E0D0A0909090909093C2F78736C3A7768656E3E0D0A0909090909093C78736C3A7768656E20746573743D2224686569676874213D272D312720616E64202477696474683D272D3127223E0D0A090909090909093C696D67207372633D22696D6167653F7265736F757263655F747970653D6469726563746F72795F656E7472795F696D6726616D703B69643D7B2469647D22206865696768743D227B246865696768747D22202F3E0D0A0909090909093C2F78736C3A7768656E3E0D0A0909090909093C78736C3A6F74686572776973653E0D0A090909090909093C696D67207372633D22696D6167653F7265736F757263655F747970653D6469726563746F72795F656E7472795F696D6726616D703B69643D7B2469647D222F3E0D0A0909090909093C2F78736C3A6F74686572776973653E0D0A09090909093C2F78736C3A63686F6F73653E0D0A090909093C2F78736C3A7768656E3E0D0A090909093C78736C3A6F74686572776973653E0D0A09090909093C612020687265663D226A73702F736974652F706C7567696E732F6469726563746F72792F446F446F776E6C6F616446696C652E6A73703F69645F66696C653D7B2469647D223E0D0A09090909093C78736C3A76616C75652D6F662064697361626C652D6F75747075742D6573636170696E673D22796573220D0A09090909090973656C6563743D227469746C6522202F3E28203C78736C3A76616C75652D6F662064697361626C652D6F75747075742D6573636170696E673D22796573220D0A09090909090973656C6563743D2273697A6522202F3E204F290D0A09090909093C2F613E0D0A090909093C2F78736C3A6F74686572776973653E0D0A0909093C2F78736C3A63686F6F73653E0D0A09093C2F78736C3A69663E0D0A09093C6272202F3E0D0A093C2F78736C3A74656D706C6174653E0D0A3C2F78736C3A7374796C6573686565743E0D0A0D0A0D0A);

 
/*==============================================================*/
/*	Init  table directory_file								*/
/*==============================================================*/
INSERT INTO directory_file (id_file, title, id_physical_file, file_size, mime_type) VALUES (1,'export_directory_xml.xsl',1,1802,'text/xml');
INSERT INTO directory_file (id_file, title, id_physical_file, file_size, mime_type) VALUES (2,'export_directory_csv.xsl',2,1261,'text/xml');
INSERT INTO directory_file (id_file, title, id_physical_file, file_size, mime_type) VALUES (3,'form_search_style.xsl',3,294,'text/xml');
INSERT INTO directory_file (id_file, title, id_physical_file, file_size, mime_type) VALUES (4,'result_list_style.xsl',4,2758,'text/xml');
INSERT INTO directory_file (id_file, title, id_physical_file, file_size, mime_type) VALUES (5,'result_record_style.xsl',5,5935,'text/xml');

/*==============================================================*/
/*	Init  table directory_xsl								*/
/*==============================================================*/
INSERT INTO directory_xsl (id_directory_xsl,title,description,extension,id_file,id_category) VALUES (1,'Export XML','Permet  un export des résultats au format xml','xml',1,1);
INSERT INTO directory_xsl (id_directory_xsl,title,description,extension,id_file,id_category) VALUES (2,'Export CSV','Permet  un export des résultats au format csv','csv',2,1);
INSERT INTO directory_xsl (id_directory_xsl,title,description,extension,id_file,id_category) VALUES (3,'Style du formulaire de recherche','Style appliqué au formulaire de recherche','',3,2);
INSERT INTO directory_xsl (id_directory_xsl,title,description,extension,id_file,id_category) VALUES (4,'Style de la liste résultats','Style appliqué à la liste résultats','',4,3);
INSERT INTO directory_xsl (id_directory_xsl,title,description,extension,id_file,id_category) VALUES (5,'Style de la fiche résultat','Style appliqué à la fiche résultat','',5,4);

/*==============================================================*/
/*	Init  table directory_xsl_action								*/
/*==============================================================*/
insert into directory_xsl_action( id_action,name_key,description_key,action_url,icon_url,action_permission) values(2, 'directory.manage_directory_xsl.title_modify', 'directory.manage_directory_xsl.title_modify', 'jsp/admin/plugins/directory/ModifyDirectoryXsl.jsp', 'icon-edit', 'MODIFY');
insert into directory_xsl_action( id_action,name_key,description_key,action_url,icon_url,action_permission) values(1, 'directory.manage_directory_xsl.title_delete', 'directory.manage_directory_xsl.title_delete', 'jsp/admin/plugins/directory/ConfirmRemoveDirectoryXsl.jsp', 'icon-trash', 'DELETE');
/*==============================================================*/
/*	Init  table directory_directory_parameter					*/
/*==============================================================*/
INSERT INTO directory_directory_parameter (parameter_key, parameter_value) VALUES ('number_record_per_page', '50');
INSERT INTO directory_directory_parameter (parameter_key, parameter_value) VALUES ('date_shown_in_result_list', '0');
INSERT INTO directory_directory_parameter (parameter_key, parameter_value) VALUES ('date_shown_in_result_record', '0');
INSERT INTO directory_directory_parameter (parameter_key, parameter_value) VALUES ('date_shown_in_history', '0');
INSERT INTO directory_directory_parameter (parameter_key, parameter_value) VALUES ('date_shown_in_search', '0');
INSERT INTO directory_directory_parameter (parameter_key, parameter_value) VALUES ('date_shown_in_advanced_search', '0');
INSERT INTO directory_directory_parameter (parameter_key, parameter_value) VALUES ('date_shown_in_multi_search', '0');
INSERT INTO directory_directory_parameter (parameter_key, parameter_value) VALUES ('date_shown_in_export', '0');
INSERT INTO directory_directory_parameter (parameter_key, parameter_value) VALUES ('unavailability_message', 'Annuaire indisponible.');
INSERT INTO directory_directory_parameter (parameter_key, parameter_value) VALUES ('activate_directory_record', '1');
INSERT INTO directory_directory_parameter (parameter_key, parameter_value) VALUES ('is_indexed', '1');
INSERT INTO directory_directory_parameter (parameter_key, parameter_value) VALUES ('export_csv_encoding', 'ISO-8859-1');
INSERT INTO directory_directory_parameter (parameter_key, parameter_value) VALUES ('export_xml_encoding', 'UTF-8');
INSERT INTO directory_directory_parameter (parameter_key, parameter_value) VALUES ('date_modification_shown_in_result_list', '0');
INSERT INTO directory_directory_parameter (parameter_key, parameter_value) VALUES ('date_modification_shown_in_result_record', '0');
INSERT INTO directory_directory_parameter (parameter_key, parameter_value) VALUES ('date_modification_shown_in_history', '0');
INSERT INTO directory_directory_parameter (parameter_key, parameter_value) VALUES ('date_modification_shown_in_search', '0');
INSERT INTO directory_directory_parameter (parameter_key, parameter_value) VALUES ('date_modification_shown_in_advanced_search', '0');
INSERT INTO directory_directory_parameter (parameter_key, parameter_value) VALUES ('date_modification_shown_in_multi_search', '0');
INSERT INTO directory_directory_parameter (parameter_key, parameter_value) VALUES ('date_modification_shown_in_export', '0');

/*==============================================================*/
/*	Init  table directory_entry_parameter						*/
/*==============================================================*/
INSERT INTO directory_entry_parameter (parameter_key, parameter_value) VALUES ('field_in_line', '1');
INSERT INTO directory_entry_parameter (parameter_key, parameter_value) VALUES ('mandatory', '0');
INSERT INTO directory_entry_parameter (parameter_key, parameter_value) VALUES ('indexed', '0');
INSERT INTO directory_entry_parameter (parameter_key, parameter_value) VALUES ('indexed_as_title', '0');
INSERT INTO directory_entry_parameter (parameter_key, parameter_value) VALUES ('indexed_as_summary', '0');
INSERT INTO directory_entry_parameter (parameter_key, parameter_value) VALUES ('multiple_search_fields', '0');
INSERT INTO directory_entry_parameter (parameter_key, parameter_value) VALUES ('shown_in_advanced_search', '0');
INSERT INTO directory_entry_parameter (parameter_key, parameter_value) VALUES ('shown_in_result_list', '1');
INSERT INTO directory_entry_parameter (parameter_key, parameter_value) VALUES ('shown_in_result_record', '1');
INSERT INTO directory_entry_parameter (parameter_key, parameter_value) VALUES ('shown_in_history', '1');
INSERT INTO directory_entry_parameter (parameter_key, parameter_value) VALUES ('width', '50');
INSERT INTO directory_entry_parameter (parameter_key, parameter_value) VALUES ('height', '50');
INSERT INTO directory_entry_parameter (parameter_key, parameter_value) VALUES ('role_associated', '0');
INSERT INTO directory_entry_parameter (parameter_key, parameter_value) VALUES ('workgroup_associated', '0');
INSERT INTO directory_entry_parameter (parameter_key, parameter_value) VALUES ('max_size_enter', '50');
INSERT INTO directory_entry_parameter (parameter_key, parameter_value) VALUES ('autocomplete_entry', '0');
INSERT INTO directory_entry_parameter (parameter_key, parameter_value) VALUES ('shown_in_export', '1');
INSERT INTO directory_entry_parameter (parameter_key, parameter_value) VALUES ('shown_in_completeness', '0');
INSERT INTO directory_entry_parameter (parameter_key, parameter_value) VALUES ('file_max_size', '2097152');
INSERT INTO directory_entry_parameter (parameter_key, parameter_value) VALUES ('max_files', '1');
